shopName,shopAddress,shopPhone,licencePics,poiQualificationInfoUrl,poiQualificationInfo
德克士商贸餐厅,吉林省白城市洮安西路32-4号,['04363530818'],[],,http://i.waimai.meituan.com/node/legacy/poi-qualification?wm_poi_id=1071342117416382
溪水尝留过桥米线,吉林省白城市白鹤小区5号街坊3号楼东二号门市,"['04363333275', '13664367625']",[],,http://i.waimai.meituan.com/node/legacy/poi-qualification?wm_poi_id=919527908377215
附近人家常菜,吉林省白城市民生东路18—5号,['15330782233'],[],,http://i.waimai.meituan.com/node/legacy/poi-qualification?wm_poi_id=963920690359514
香满家园大众菜馆,朝阳路12楼-4室,['13894688580'],[],,http://i.waimai.meituan.com/node/legacy/poi-qualification?wm_poi_id=863040498519612
黑泷堂（大润发店）,吉林省白城市洮北区新华东大路40号,['18043660755'],[],,http://i.waimai.meituan.com/node/legacy/poi-qualification?wm_poi_id=931961838714589
王者肉肉拌饭,吉林省白城市新兴路1号—3号,['13351520352'],[],,http://i.waimai.meituan.com/node/legacy/poi-qualification?wm_poi_id=1033262937355306
一千零一串烧烤,吉林省白城市文化东路36号门市,['13894666879'],[],,http://i.waimai.meituan.com/node/legacy/poi-qualification?wm_poi_id=1112174371502861
辣嘴肉蟹煲（麻辣精品海鲜）,新华东大路大润发十字路口东50米路北,['0436-3246000'],[],,http://i.waimai.meituan.com/node/legacy/poi-qualification?wm_poi_id=867339760774520
李先生牛肉面（白城大润发店）,白城市新华西大路4-4号楼,['04363365715'],[],,http://i.waimai.meituan.com/node/legacy/poi-qualification?wm_poi_id=1011839640479112
德克士(中润餐厅店),海明路123号,"['0436-5038185', '0436-5097185']",[],,http://i.waimai.meituan.com/node/legacy/poi-qualification?wm_poi_id=854205750797920
茉莉香鸭颈王（一店）,吉林省白城市新华小区6号楼1号房,['18943461799'],[],,http://i.waimai.meituan.com/node/legacy/poi-qualification?wm_poi_id=892126017069639
炒饭先生,新兴路4—4号（8—5）,['15500281137'],[],,http://i.waimai.meituan.com/node/legacy/poi-qualification?wm_poi_id=1052087779055772
头等舱鸭霸王,大象北50米,['04365882255'],[],,http://i.waimai.meituan.com/node/legacy/poi-qualification?wm_poi_id=1085197681937128
杜鲜生水果捞,海明西路50楼—2号（鹤林苑西区13号楼，盛世金源楼下，三二一路南西50米）,['13364573636'],[],,http://i.waimai.meituan.com/node/legacy/poi-qualification?wm_poi_id=867889516641154
天福烧烤,长庆南街与新华东大路交汇处北侧,['0436-3656969'],[],,http://i.waimai.meituan.com/node/legacy/poi-qualification?wm_poi_id=999049227893649
杨阿姨汉堡,吉林省白城市金辉南街64号楼142号,['15043679950'],[],,http://i.waimai.meituan.com/node/legacy/poi-qualification?wm_poi_id=1054557385209265
日日鲜手工饺子,海明东路2胡同3号楼4单元1层东户,['13125761007'],[],,http://i.waimai.meituan.com/node/legacy/poi-qualification?wm_poi_id=1091687377471610
香满家园大众菜馆,朝阳路12楼-4室,['13894688580'],[],,http://i.waimai.meituan.com/node/legacy/poi-qualification?wm_poi_id=863040498519612
德克士(中润餐厅店),海明路123号,"['0436-5038185', '0436-5097185']",[],,http://i.waimai.meituan.com/node/legacy/poi-qualification?wm_poi_id=854205750797920
黑泷堂（大润发店）,吉林省白城市洮北区新华东大路40号,['18043660755'],[],,http://i.waimai.meituan.com/node/legacy/poi-qualification?wm_poi_id=931961838714589
附近人家常菜,吉林省白城市民生东路18—5号,['15330782233'],[],,http://i.waimai.meituan.com/node/legacy/poi-qualification?wm_poi_id=963920690359514
溪水尝留过桥米线,吉林省白城市白鹤小区5号街坊3号楼东二号门市,"['04363333275', '13664367625']",[],,http://i.waimai.meituan.com/node/legacy/poi-qualification?wm_poi_id=919527908377215
炒饭先生,新兴路4—4号（8—5）,['15500281137'],[],,http://i.waimai.meituan.com/node/legacy/poi-qualification?wm_poi_id=1052087779055772
王者肉肉拌饭,吉林省白城市新兴路1号—3号,['13351520352'],[],,http://i.waimai.meituan.com/node/legacy/poi-qualification?wm_poi_id=1033262937355306
日日鲜手工饺子,海明东路2胡同3号楼4单元1层东户,['13125761007'],[],,http://i.waimai.meituan.com/node/legacy/poi-qualification?wm_poi_id=1091687377471610
李先生牛肉面（白城大润发店）,白城市新华西大路4-4号楼,['04363365715'],[],,http://i.waimai.meituan.com/node/legacy/poi-qualification?wm_poi_id=1011839640479112
德克士商贸餐厅,吉林省白城市洮安西路32-4号,['04363530818'],[],,http://i.waimai.meituan.com/node/legacy/poi-qualification?wm_poi_id=1071342117416382
孙志鹏麻辣烫（金街直营一号店）,海明路步行金街西侧南1号门市,"['13766118880', '13894606668']",[],,http://i.waimai.meituan.com/node/legacy/poi-qualification?wm_poi_id=849962323139403
吉祥村烧烤城,民生东路76-5号（蒙娜丽莎对面）,['18604366693'],[],,http://i.waimai.meituan.com/node/legacy/poi-qualification?wm_poi_id=944339934491380
百合饭包&有家凉皮（明仁小学店）,文化东路23号五单元一层中,"['15943698030', '13894628948']",[],,http://i.waimai.meituan.com/node/legacy/poi-qualification?wm_poi_id=1067107279665760
茉莉香鸭颈王（一店）,吉林省白城市新华小区6号楼1号房,['18943461799'],[],,http://i.waimai.meituan.com/node/legacy/poi-qualification?wm_poi_id=892126017069639
杜鲜生水果捞,海明西路50楼—2号（鹤林苑西区13号楼，盛世金源楼下，三二一路南西50米）,['13364573636'],[],,http://i.waimai.meituan.com/node/legacy/poi-qualification?wm_poi_id=867889516641154
黑泷堂（大润发店）,吉林省白城市洮北区新华东大路40号,['18043660755'],[],,http://i.waimai.meituan.com/node/legacy/poi-qualification?wm_poi_id=931961838714589
附近人家常菜,吉林省白城市民生东路18—5号,['15330782233'],[],,http://i.waimai.meituan.com/node/legacy/poi-qualification?wm_poi_id=963920690359514
李先生牛肉面（白城大润发店）,白城市新华西大路4-4号楼,['04363365715'],[],,http://i.waimai.meituan.com/node/legacy/poi-qualification?wm_poi_id=1011839640479112
日日鲜手工饺子,海明东路2胡同3号楼4单元1层东户,['13125761007'],[],,http://i.waimai.meituan.com/node/legacy/poi-qualification?wm_poi_id=1091687377471610
光年披萨,瑞光南街61—1号楼3单元1层中户,['13124366864'],[],,http://i.waimai.meituan.com/node/legacy/poi-qualification?wm_poi_id=859454200831876
堕落小龙虾（蟹·海鲜·新兴路店）,吉林省白城市新兴路2号楼--7号门市,"['15543927000', '18504360901']",[],,http://i.waimai.meituan.com/node/legacy/poi-qualification?wm_poi_id=1114605322981923
吉祥村烧烤城,民生东路76-5号（蒙娜丽莎对面）,['18604366693'],[],,http://i.waimai.meituan.com/node/legacy/poi-qualification?wm_poi_id=944339934491380
头等舱鸭霸王,大象北50米,['04365882255'],[],,http://i.waimai.meituan.com/node/legacy/poi-qualification?wm_poi_id=1085197681937128
粥行天下,吉林省白城市新华西大路14号一层,['18643607666'],[],,http://i.waimai.meituan.com/node/legacy/poi-qualification?wm_poi_id=1041977425999989
南巷先生水果捞甜品店,兴文路5号楼,['18043656363'],[],,http://i.waimai.meituan.com/node/legacy/poi-qualification?wm_poi_id=1109348283026059
天福烧烤,长庆南街与新华东大路交汇处北侧,['0436-3656969'],[],,http://i.waimai.meituan.com/node/legacy/poi-qualification?wm_poi_id=999049227893649
于志国麻辣烫（总店）,洮安西路10号楼18号,"['15843664488', '18844661899']",[],,http://i.waimai.meituan.com/node/legacy/poi-qualification?wm_poi_id=1058049193607463
叫了个炸鸡（总店）,长庆北街14号楼1层北数第2户,['04366520052'],[],,http://i.waimai.meituan.com/node/legacy/poi-qualification?wm_poi_id=901364491717696
鼎盛饺子家常菜,辽北路59号楼,['13321570063'],[],,http://i.waimai.meituan.com/node/legacy/poi-qualification?wm_poi_id=1081710168480403
可劲造汉堡炸鸡店,吉林省白城市兴文路3号楼2单元1层东户（铁二对面十字路口进去）,['18243644114'],[],,http://i.waimai.meituan.com/node/legacy/poi-qualification?wm_poi_id=1059011266307103
童子鸡炸鸡（汉堡）,吉林省白城市文化西路14号楼26--13号,['13180620818'],[],,http://i.waimai.meituan.com/node/legacy/poi-qualification?wm_poi_id=940002017519123
小眷村（惠桥粥铺旗下品牌）,文化东路19-1号楼17号门市,['04363505111'],[],,http://i.waimai.meituan.com/node/legacy/poi-qualification?wm_poi_id=933181609452303
香满家园大众菜馆,朝阳路12楼-4室,['13894688580'],[],,http://i.waimai.meituan.com/node/legacy/poi-qualification?wm_poi_id=863040498519612
一千零一串烧烤,吉林省白城市文化东路36号门市,['13894666879'],[],,http://i.waimai.meituan.com/node/legacy/poi-qualification?wm_poi_id=1112174371502861
德克士(中润餐厅店),海明路123号,"['0436-5038185', '0436-5097185']",[],,http://i.waimai.meituan.com/node/legacy/poi-qualification?wm_poi_id=854205750797920
黑泷堂（大润发店）,吉林省白城市洮北区新华东大路40号,['18043660755'],[],,http://i.waimai.meituan.com/node/legacy/poi-qualification?wm_poi_id=931961838714589
溪水尝留过桥米线,吉林省白城市白鹤小区5号街坊3号楼东二号门市,"['04363333275', '13664367625']",[],,http://i.waimai.meituan.com/node/legacy/poi-qualification?wm_poi_id=919527908377215
附近人家常菜,吉林省白城市民生东路18—5号,['15330782233'],[],,http://i.waimai.meituan.com/node/legacy/poi-qualification?wm_poi_id=963920690359514
羊杂面(十四中店),吉林省白城市中兴东大路73号楼3单元1层东户,['15844686475'],[],,http://i.waimai.meituan.com/node/legacy/poi-qualification?wm_poi_id=870183029176058
辣嘴肉蟹煲（麻辣精品海鲜）,新华东大路大润发十字路口东50米路北,['0436-3246000'],[],,http://i.waimai.meituan.com/node/legacy/poi-qualification?wm_poi_id=867339760774520
日日鲜手工饺子,海明东路2胡同3号楼4单元1层东户,['13125761007'],[],,http://i.waimai.meituan.com/node/legacy/poi-qualification?wm_poi_id=1091687377471610
王者肉肉拌饭,吉林省白城市新兴路1号—3号,['13351520352'],[],,http://i.waimai.meituan.com/node/legacy/poi-qualification?wm_poi_id=1033262937355306
炒饭先生,新兴路4—4号（8—5）,['15500281137'],[],,http://i.waimai.meituan.com/node/legacy/poi-qualification?wm_poi_id=1052087779055772
德克士商贸餐厅,吉林省白城市洮安西路32-4号,['04363530818'],[],,http://i.waimai.meituan.com/node/legacy/poi-qualification?wm_poi_id=1071342117416382
百合饭包&有家凉皮（明仁小学店）,文化东路23号五单元一层中,"['15943698030', '13894628948']",[],,http://i.waimai.meituan.com/node/legacy/poi-qualification?wm_poi_id=1067107279665760
李先生牛肉面（白城大润发店）,白城市新华西大路4-4号楼,['04363365715'],[],,http://i.waimai.meituan.com/node/legacy/poi-qualification?wm_poi_id=1011839640479112
孙志鹏麻辣烫（金街直营一号店）,海明路步行金街西侧南1号门市,"['13766118880', '13894606668']",[],,http://i.waimai.meituan.com/node/legacy/poi-qualification?wm_poi_id=849962323139403
杨阿姨汉堡,吉林省白城市金辉南街64号楼142号,['15043679950'],[],,http://i.waimai.meituan.com/node/legacy/poi-qualification?wm_poi_id=1054557385209265
吉祥村烧烤城,民生东路76-5号（蒙娜丽莎对面）,['18604366693'],[],,http://i.waimai.meituan.com/node/legacy/poi-qualification?wm_poi_id=944339934491380
德克士商贸餐厅,吉林省白城市洮安西路32-4号,['04363530818'],[],,http://i.waimai.meituan.com/node/legacy/poi-qualification?wm_poi_id=1071342117416382
王者肉肉拌饭,吉林省白城市新兴路1号—3号,['13351520352'],[],,http://i.waimai.meituan.com/node/legacy/poi-qualification?wm_poi_id=1033262937355306
杜鲜生水果捞,海明西路50楼—2号（鹤林苑西区13号楼，盛世金源楼下，三二一路南西50米）,['13364573636'],[],,http://i.waimai.meituan.com/node/legacy/poi-qualification?wm_poi_id=867889516641154
头等舱鸭霸王,大象北50米,['04365882255'],[],,http://i.waimai.meituan.com/node/legacy/poi-qualification?wm_poi_id=1085197681937128
附近人家常菜,吉林省白城市民生东路18—5号,['15330782233'],[],,http://i.waimai.meituan.com/node/legacy/poi-qualification?wm_poi_id=963920690359514
牛仔与大厨烧烤,开发区批发大世界西150米,['04363651666'],[],,http://i.waimai.meituan.com/node/legacy/poi-qualification?wm_poi_id=914043235199678
李先生牛肉面（白城大润发店）,白城市新华西大路4-4号楼,['04363365715'],[],,http://i.waimai.meituan.com/node/legacy/poi-qualification?wm_poi_id=1011839640479112
辣嘴肉蟹煲（麻辣精品海鲜）,新华东大路大润发十字路口东50米路北,['0436-3246000'],[],,http://i.waimai.meituan.com/node/legacy/poi-qualification?wm_poi_id=867339760774520
茉莉香鸭颈王（一店）,吉林省白城市新华小区6号楼1号房,['18943461799'],[],,http://i.waimai.meituan.com/node/legacy/poi-qualification?wm_poi_id=892126017069639
一亩禾(渔粉),瑞光南街52-10号,['15584860063'],[],,http://i.waimai.meituan.com/node/legacy/poi-qualification?wm_poi_id=924265257306992
叫一份水果捞(白城店),新华西大路38号楼1单元1层,['04366623456'],[],,http://i.waimai.meituan.com/node/legacy/poi-qualification?wm_poi_id=896365149777363
肯德基宅急送（长庆店）,白城市洮北区新华路与长庆南街交汇处西南角一层,['4009208801'],[],,http://i.waimai.meituan.com/node/legacy/poi-qualification?wm_poi_id=938125116815783
天福烧烤,长庆南街与新华东大路交汇处北侧,['0436-3656969'],[],,http://i.waimai.meituan.com/node/legacy/poi-qualification?wm_poi_id=999049227893649
杨阿姨汉堡,吉林省白城市金辉南街64号楼142号,['15043679950'],[],,http://i.waimai.meituan.com/node/legacy/poi-qualification?wm_poi_id=1054557385209265
鲜果惠,吉林省白城市文化西路14号楼9号,['18004360874'],[],,http://i.waimai.meituan.com/node/legacy/poi-qualification?wm_poi_id=1046018990221629
于志国麻辣烫（总店）,洮安西路10号楼18号,"['15843664488', '18844661899']",[],,http://i.waimai.meituan.com/node/legacy/poi-qualification?wm_poi_id=1058049193607463
